{"episode": 1, "ret1": -1.0803473663330088, "ret2": -0.9608218383789071}
{"episode": 2, "ret1": -0.9851683807373055, "ret2": -1.0374528503417977}
{"episode": 3, "ret1": -1.0012333679199228, "ret2": -1.000145568847657}
{"episode": 4, "ret1": -1.5331408691406263, "ret2": -1.4689102172851576}
{"episode": 5, "ret1": -1.0007704162597664, "ret2": -1.0008416748046884}
{"episode": 6, "ret1": -1.0008695220947275, "ret2": -1.000867004394532}
{"episode": 7, "ret1": -1.000013961791993, "ret2": -1.0032575988769539}
{"episode": 8, "ret1": -1.8987806701660173, "ret2": -0.6571517944335943}
{"episode": 9, "ret1": -0.9999122619628915, "ret2": -1.005201950073243}
{"episode": 10, "ret1": -1.0006993103027353, "ret2": -1.0004045104980477}
{"episode": 11, "ret1": -1.0007094573974618, "ret2": -1.0006972503662117}
{"episode": 12, "ret1": -1.0008139038085946, "ret2": -1.0008245086669931}
{"episode": 13, "ret1": -0.9893837738037118, "ret2": -1.0276701354980478}
{"episode": 14, "ret1": -1.0007678222656258, "ret2": -1.000981979370118}
{"episode": 15, "ret1": -1.0008496856689462, "ret2": -1.0008489990234384}
{"episode": 16, "ret1": -1.0008436584472664, "ret2": -1.0008394622802743}
{"episode": 17, "ret1": -1.0007433319091805, "ret2": -1.0008448791503914}
{"episode": 18, "ret1": -1.0008734130859382, "ret2": -1.000123367309571}
{"episode": 19, "ret1": -1.0008016967773445, "ret2": -1.0008313751220712}
{"episode": 20, "ret1": -1.000552291870118, "ret2": -1.0004164886474618}
{"episode": 21, "ret1": -0.9585443115234383, "ret2": -1.0935406494140634}
{"episode": 22, "ret1": -1.4694053649902357, "ret2": -1.5313253784179701}
{"episode": 23, "ret1": -1.0003022003173836, "ret2": -1.0005926513671883}
{"episode": 24, "ret1": -1.000851821899415, "ret2": -1.0008007812500008}
{"episode": 25, "ret1": -1.0001908874511727, "ret2": -1.0010387420654305}
{"episode": 26, "ret1": -1.0008168029785165, "ret2": -1.0008813476562508}
{"episode": 27, "ret1": -1.0008265686035165, "ret2": -1.0006652069091806}
{"episode": 28, "ret1": -1.0003278350830087, "ret2": -1.0009416198730476}
{"episode": 29, "ret1": -1.0001144409179696, "ret2": -1.0009635925292977}
{"episode": 30, "ret1": -1.0007980346679697, "ret2": -1.0007749938964852}
{"episode": 31, "ret1": -0.9985833740234383, "ret2": -1.0048912048339853}
{"episode": 32, "ret1": -1.0846379852294932, "ret2": -0.9612454986572274}
{"episode": 33, "ret1": -1.0028845977783212, "ret2": -1.0027897644042978}
{"episode": 34, "ret1": -1.0008358001708992, "ret2": -1.0008283233642588}
{"episode": 35, "ret1": -1.0008093261718758, "ret2": -1.002688522338868}
{"episode": 36, "ret1": -1.0022931671142588, "ret2": -0.9996033477783212}
{"episode": 37, "ret1": -1.000704345703126, "ret2": -1.0007177734375008}
{"episode": 38, "ret1": -1.0021347045898445, "ret2": -1.009316940307618}
{"episode": 39, "ret1": -1.0112660980224617, "ret2": -1.0101556396484384}
{"episode": 40, "ret1": -1.04328712463379, "ret2": -1.0455173492431649}
{"episode": 41, "ret1": -1.0001854705810556, "ret2": -1.0009686279296883}
{"episode": 42, "ret1": -1.0012191009521494, "ret2": -1.00010108947754}
{"episode": 43, "ret1": -1.0034390258789072, "ret2": -1.003510742187501}
{"episode": 44, "ret1": -1.000425338745118, "ret2": -1.0010208892822274}
{"episode": 45, "ret1": -1.000831832885743, "ret2": -1.0003825378417976}
{"episode": 46, "ret1": -1.0010258483886727, "ret2": -1.001020507812501}
{"episode": 47, "ret1": -1.0009193420410165, "ret2": -1.0009149932861336}
{"episode": 48, "ret1": -1.0054582214355476, "ret2": -0.998443145751954}
{"episode": 49, "ret1": -1.0008673858642587, "ret2": -1.0008650970458992}
{"episode": 50, "ret1": -1.0017196655273446, "ret2": -1.0017136383056648}
